<?xml version="1.0" encoding="UTF-8" ?><_ROOT_  Location="CATALOG" Catalog="SASHELP.EMMODL.BOOST.SOURCE" ToolType="MODEL" Iterations="50"
 CategoricalBins="30" IntervalBins="100" TrainProportion="60" Seed="12345" Shrinkage="0.1"
 LeafFraction="0.1" SplitSize="." MinCatSize="5" MaxBranch="2" MaxDepth="10" NSurrs="2"
 Missing="USEINSEARCH" Huber="NO" ReUseVar="1" AssessMeasure="PROFIT" NodeSize="20000"
 Exhaustive="5000" VarSelection="Y" Performance="DISK" SubSeries="BEST" IterationNum="1"
 ObsImportance="N" NumSingleImp="5" CreateHStat="N" ForceRun="N" RunAction="Train"
 Component="Boost" Precision="0" Measure="PROFIT" NumPairImp="0" DataNeeded="Y" RawCreateTime="2002881496.1"
 CreateTime="20JUN2023:11:58:16">
<VARIABLEPROPERTIES/>
<FILEPROPERTIES ><![CDATA[
USERTRAINCODE
USERSCORECODE
USERREPORTCODE
EMNOTES
]]>
</FILEPROPERTIES><EMTARGETATTRIBUTES >
<PRICE_LEVEL >
<DECDATA  Table="EMWS2.Boost5_price_level_DD">
<DATA >
<OBS  PRICE_LEVEL="STANDARD" COUNT="2179" DATAPRIOR="0.3072476029" TRAINPRIOR="0.3072476029"
 DECPRIOR="." DECISION1="1" DECISION2="0" DECISION3="0"/>
<OBS  PRICE_LEVEL="EXPENSIVE" COUNT="2678" DATAPRIOR="0.377608573" TRAINPRIOR="0.377608573"
 DECPRIOR="." DECISION1="0" DECISION2="1" DECISION3="0"/>
<OBS  PRICE_LEVEL="CHEAP" COUNT="2235" DATAPRIOR="0.315143824" TRAINPRIOR="0.315143824"
 DECPRIOR="." DECISION1="0" DECISION2="0" DECISION3="1"/>
</DATA>
<METADATA >
<VARIABLE  NAME="price_level" LABEL="" LENGTH="32" FORMAT="" TYPE="C"/>
<VARIABLE  NAME="COUNT" LABEL="Level Counts" LENGTH="8" FORMAT="" TYPE="N"/>
<VARIABLE  NAME="DATAPRIOR" LABEL="Data Proportions" LENGTH="8" FORMAT="" TYPE="N"/>
<VARIABLE  NAME="TRAINPRIOR" LABEL="Training Proportions" LENGTH="8" FORMAT="" TYPE="N"/>
<VARIABLE  NAME="DECPRIOR" LABEL="Decision Priors" LENGTH="8" FORMAT="" TYPE="N"/>
<VARIABLE  NAME="DECISION1" LABEL="STANDARD" LENGTH="8" FORMAT="" TYPE="N"/>
<VARIABLE  NAME="DECISION2" LABEL="EXPENSIVE" LENGTH="8" FORMAT="" TYPE="N"/>
<VARIABLE  NAME="DECISION3" LABEL="CHEAP" LENGTH="8" FORMAT="" TYPE="N"/>
</METADATA>
</DECDATA>
<DECMETA  Table="EMWS2.Boost5_price_level_DM">
<DATA >
<OBS  _TYPE_="MATRIX" VARIABLE="" LABEL="" LEVEL="PROFIT" EVENT="" ORDER="" FORMAT="" TYPE=""
 COST="" USE="N"/>
<OBS  _TYPE_="TARGET" VARIABLE="price_level" LABEL="" LEVEL="NOMINAL" EVENT="STANDARD"
 ORDER="" FORMAT="$9." TYPE="C" COST="" USE=""/>
<OBS  _TYPE_="DECISION" VARIABLE="DECISION1" LABEL="STANDARD" LEVEL="" EVENT="" ORDER=""
 FORMAT="" TYPE="N" COST="" USE="Y"/>
<OBS  _TYPE_="DECISION" VARIABLE="DECISION2" LABEL="EXPENSIVE" LEVEL="" EVENT="" ORDER=""
 FORMAT="" TYPE="N" COST="" USE="Y"/>
<OBS  _TYPE_="DECISION" VARIABLE="DECISION3" LABEL="CHEAP" LEVEL="" EVENT="" ORDER="" FORMAT=""
 TYPE="N" COST="" USE="Y"/>
<OBS  _TYPE_="DATAPRIOR" VARIABLE="DATAPRIOR" LABEL="Data Prior" LEVEL="" EVENT="" ORDER=""
 FORMAT="" TYPE="N" COST="" USE="N"/>
<OBS  _TYPE_="TRAINPRIOR" VARIABLE="TRAINPRIOR" LABEL="Training Prior" LEVEL="" EVENT=""
 ORDER="" FORMAT="" TYPE="N" COST="" USE="N"/>
<OBS  _TYPE_="DECPRIOR" VARIABLE="DECPRIOR" LABEL="Decision Prior" LEVEL="" EVENT="" ORDER=""
 FORMAT="" TYPE="N" COST="" USE="N"/>
<OBS  _TYPE_="PREDICTED" VARIABLE="P_price_levelstandard" LABEL="Predicted: price_level=standard"
 LEVEL="STANDARD" EVENT="" ORDER="" FORMAT="" TYPE="N" COST="" USE=""/>
<OBS  _TYPE_="RESIDUAL" VARIABLE="R_price_levelstandard" LABEL="Residual: price_level=standard"
 LEVEL="STANDARD" EVENT="" ORDER="" FORMAT="" TYPE="N" COST="" USE=""/>
<OBS  _TYPE_="PREDICTED" VARIABLE="P_price_levelexpensive" LABEL="Predicted: price_level=expensive"
 LEVEL="EXPENSIVE" EVENT="" ORDER="" FORMAT="" TYPE="N" COST="" USE=""/>
<OBS  _TYPE_="RESIDUAL" VARIABLE="R_price_levelexpensive" LABEL="Residual: price_level=expensive"
 LEVEL="EXPENSIVE" EVENT="" ORDER="" FORMAT="" TYPE="N" COST="" USE=""/>
<OBS  _TYPE_="PREDICTED" VARIABLE="P_price_levelcheap" LABEL="Predicted: price_level=cheap"
 LEVEL="CHEAP" EVENT="" ORDER="" FORMAT="" TYPE="N" COST="" USE=""/>
<OBS  _TYPE_="RESIDUAL" VARIABLE="R_price_levelcheap" LABEL="Residual: price_level=cheap"
 LEVEL="CHEAP" EVENT="" ORDER="" FORMAT="" TYPE="N" COST="" USE=""/>
<OBS  _TYPE_="FROM" VARIABLE="F_price_level" LABEL="From: price_level" LEVEL="" EVENT=""
 ORDER="" FORMAT="" TYPE="C" COST="" USE=""/>
<OBS  _TYPE_="INTO" VARIABLE="I_price_level" LABEL="Into: price_level" LEVEL="" EVENT=""
 ORDER="" FORMAT="" TYPE="C" COST="" USE=""/>
</DATA>
<METADATA >
<VARIABLE  NAME="_TYPE_" LABEL="Type" LENGTH="32" FORMAT="" TYPE="C"/>
<VARIABLE  NAME="VARIABLE" LABEL="Variable" LENGTH="32" FORMAT="" TYPE="C"/>
<VARIABLE  NAME="LABEL" LABEL="Label" LENGTH="256" FORMAT="" TYPE="C"/>
<VARIABLE  NAME="LEVEL" LABEL="Measurement Level" LENGTH="32" FORMAT="" TYPE="C"/>
<VARIABLE  NAME="EVENT" LABEL="Target Event" LENGTH="32" FORMAT="" TYPE="C"/>
<VARIABLE  NAME="ORDER" LABEL="Order" LENGTH="10" FORMAT="" TYPE="C"/>
<VARIABLE  NAME="FORMAT" LABEL="Format" LENGTH="32" FORMAT="" TYPE="C"/>
<VARIABLE  NAME="TYPE" LABEL="Type" LENGTH="1" FORMAT="" TYPE="C"/>
<VARIABLE  NAME="COST" LABEL="Cost" LENGTH="32" FORMAT="" TYPE="C"/>
<VARIABLE  NAME="USE" LABEL="Use" LENGTH="1" FORMAT="" TYPE="C"/>
</METADATA>
</DECMETA>
</PRICE_LEVEL>
</EMTARGETATTRIBUTES>
</_ROOT_>
