<?xml version="1.0" encoding="UTF-8" ?><_ROOT_  Location="CATALOG" Catalog="SASHELP.EMMODL.BOOST.SOURCE" ToolType="MODEL" Iterations="50"
 CategoricalBins="30" IntervalBins="100" TrainProportion="60" Seed="12345" Shrinkage="0.1"
 LeafFraction="0.1" SplitSize="." MinCatSize="5" MaxBranch="2" MaxDepth="10" NSurrs="2"
 Missing="USEINSEARCH" Huber="NO" ReUseVar="1" AssessMeasure="PROFIT" NodeSize="20000"
 Exhaustive="5000" VarSelection="Y" Performance="DISK" SubSeries="BEST" IterationNum="1"
 ObsImportance="N" NumSingleImp="5" CreateHStat="N" ForceRun="N" RunAction="Train"
 Component="Boost" Precision="0" Measure="PROFIT" NumPairImp="0" DataNeeded="Y" RawCreateTime="2002749281.3"
 CreateTime="18JUN2023:23:14:41" RunId="3c171f14-f745-48a6-8c58-ae3c3df5e805" RawLastTimeRun="2003318386.6"
 RawRunTime="20.290999889" LastTimeRun="25JUN2023:13:19:47" RunTime="0 Hr. 0 Min. 20.29 Sec."
>
<VARIABLEPROPERTIES/>
<FILEPROPERTIES ><![CDATA[
USERTRAINCODE
USERSCORECODE
USERREPORTCODE
EMNOTES
]]>
</FILEPROPERTIES><EMTARGETATTRIBUTES >
<RENOVATION_LEVEL >
<DECDATA  Table="EMWS2.Boost2_renovation_level_DD">
<DATA >
<OBS  RENOVATION_LEVEL="1"/>
<OBS  RENOVATION_LEVEL="3"/>
<OBS  RENOVATION_LEVEL="1.9855620024"/>
</DATA>
<METADATA >
<VARIABLE  NAME="renovation_level" LABEL="" LENGTH="8" FORMAT="" TYPE="N"/>
</METADATA>
</DECDATA>
<DECMETA  Table="EMWS2.Boost2_renovation_level_DM">
<DATA >
<OBS  _TYPE_="MATRIX" VARIABLE="" LABEL="" FORMAT="" LEVEL="PROFIT" TYPE="" COST="" USE="N"
 MIN="." MEAN="." MAX="."/>
<OBS  _TYPE_="TARGET" VARIABLE="renovation_level" LABEL="" FORMAT="BEST12.0" LEVEL="INTERVAL"
 TYPE="N" COST="" USE="" MIN="1" MEAN="1.9855620024" MAX="3"/>
<OBS  _TYPE_="PREDICTED" VARIABLE="P_renovation_level" LABEL="Predicted: renovation_level"
 FORMAT="" LEVEL="" TYPE="N" COST="" USE="" MIN="." MEAN="." MAX="."/>
<OBS  _TYPE_="RESIDUAL" VARIABLE="R_renovation_level" LABEL="Residual: renovation_level"
 FORMAT="" LEVEL="" TYPE="N" COST="" USE="" MIN="." MEAN="." MAX="."/>
</DATA>
<METADATA >
<VARIABLE  NAME="_TYPE_" LABEL="Type" LENGTH="32" FORMAT="" TYPE="C"/>
<VARIABLE  NAME="VARIABLE" LABEL="Variable" LENGTH="32" FORMAT="" TYPE="C"/>
<VARIABLE  NAME="LABEL" LABEL="Label" LENGTH="256" FORMAT="" TYPE="C"/>
<VARIABLE  NAME="FORMAT" LABEL="Format" LENGTH="32" FORMAT="" TYPE="C"/>
<VARIABLE  NAME="LEVEL" LABEL="Measurement Level" LENGTH="32" FORMAT="" TYPE="C"/>
<VARIABLE  NAME="TYPE" LABEL="Type" LENGTH="1" FORMAT="" TYPE="C"/>
<VARIABLE  NAME="COST" LABEL="Cost" LENGTH="32" FORMAT="" TYPE="C"/>
<VARIABLE  NAME="USE" LABEL="Use" LENGTH="1" FORMAT="" TYPE="C"/>
<VARIABLE  NAME="MIN" LABEL="Minimum" LENGTH="8" FORMAT="" TYPE="N"/>
<VARIABLE  NAME="MEAN" LABEL="Mean" LENGTH="8" FORMAT="" TYPE="N"/>
<VARIABLE  NAME="MAX" LABEL="Maximum" LENGTH="8" FORMAT="" TYPE="N"/>
</METADATA>
</DECMETA>
</RENOVATION_LEVEL>
</EMTARGETATTRIBUTES>
</_ROOT_>
