<?xml version="1.0" encoding="UTF-8" ?><_ROOT_  Location="CATALOG" Catalog="SASHELP.EMMODL.TREE.SOURCE" ToolType="MODEL" TrainMode="BATCH"
 ImportModel="N" Freeze="N" UseMultipleTarget="N" Precision="4" IntervalCriterion="PROBF"
 NominalCriterion="PROBCHISQ" OrdinalCriterion="ENTROPY" SigLevel="0.2" Splitsize="."
 LeafSize="8" MinCatSize="5" Maxbranch="2" Maxdepth="10" Nrules="5" Nsurrs="4" MissingValue="USEINSEARCH"
 UseVarOnce="N" SplitPrecision="4" Subtree="ASSESSMENT" NSubtree="1" AssessMeasure="PROFIT/LOSS"
 AssessPercentage="0.25" NodeSample="20000" Exhaustive="5000" Kass="Y" KassApply="BEFORE"
 Depth="Y" Inputs="N" NumInputs="1" VarSelection="Y" Leafid="Y" NodeRole="SEGMENT"
 Performance="DISK" CV="N" CVNIter="10" CVRepeat="1" CVSeed="12345" ObsImportance="N"
 NumSingleImp="5" UseDecision="N" UsePriors="N" ClassColorBy="PERCENTCORRECT" IntColorBy="AVG"
 ShowNodeId="Y" ShowValid="Y" Pred="N" Target="ALL" Count="Y" ProfitLoss="NONE" PercentCorrect="N"
 AVG="Y" RASE="N" CreateSample="DEFAULT" SampleMethod="RANDOM" SampleSize="10000"
 SampleSeed="12345" ForceRun="N" RunAction="Train" Component="DecisionTree" Criterion="DEFAULT"
 Dummy="N" Predict="Y" ImportedTreeData="" RawCreateTime="2002748371.2" CreateTime="18JUN2023:22:59:31"
 RunId="0f4302b0-d36d-45ea-9e84-d1ac7e231700" RawLastTimeRun="2003318367.9" RawRunTime="9.4380002022"
 LastTimeRun="25JUN2023:13:19:28" RunTime="0 Hr. 0 Min. 9.44 Sec.">
<VARIABLEPROPERTIES/>
<FILEPROPERTIES ><![CDATA[
USERTRAINCODE
USERSCORECODE
USERREPORTCODE
EMNOTES
]]>
</FILEPROPERTIES><EMTARGETATTRIBUTES >
<RENOVATION_LEVEL >
<DECDATA  Table="EMWS2.Tree_renovation_level_DD">
<DATA >
<OBS  RENOVATION_LEVEL="1"/>
<OBS  RENOVATION_LEVEL="3"/>
<OBS  RENOVATION_LEVEL="1.9855620024"/>
</DATA>
<METADATA >
<VARIABLE  NAME="renovation_level" LABEL="" LENGTH="8" FORMAT="" TYPE="N"/>
</METADATA>
</DECDATA>
<DECMETA  Table="EMWS2.Tree_renovation_level_DM">
<DATA >
<OBS  _TYPE_="MATRIX" VARIABLE="" LABEL="" FORMAT="" LEVEL="PROFIT" TYPE="" COST="" USE="N"
 MIN="." MEAN="." MAX="."/>
<OBS  _TYPE_="TARGET" VARIABLE="renovation_level" LABEL="" FORMAT="BEST12.0" LEVEL="INTERVAL"
 TYPE="N" COST="" USE="" MIN="1" MEAN="1.9855620024" MAX="3"/>
<OBS  _TYPE_="PREDICTED" VARIABLE="P_renovation_level" LABEL="Predicted: renovation_level"
 FORMAT="" LEVEL="" TYPE="N" COST="" USE="" MIN="." MEAN="." MAX="."/>
<OBS  _TYPE_="RESIDUAL" VARIABLE="R_renovation_level" LABEL="Residual: renovation_level"
 FORMAT="" LEVEL="" TYPE="N" COST="" USE="" MIN="." MEAN="." MAX="."/>
</DATA>
<METADATA >
<VARIABLE  NAME="_TYPE_" LABEL="Type" LENGTH="32" FORMAT="" TYPE="C"/>
<VARIABLE  NAME="VARIABLE" LABEL="Variable" LENGTH="32" FORMAT="" TYPE="C"/>
<VARIABLE  NAME="LABEL" LABEL="Label" LENGTH="256" FORMAT="" TYPE="C"/>
<VARIABLE  NAME="FORMAT" LABEL="Format" LENGTH="32" FORMAT="" TYPE="C"/>
<VARIABLE  NAME="LEVEL" LABEL="Measurement Level" LENGTH="32" FORMAT="" TYPE="C"/>
<VARIABLE  NAME="TYPE" LABEL="Type" LENGTH="1" FORMAT="" TYPE="C"/>
<VARIABLE  NAME="COST" LABEL="Cost" LENGTH="32" FORMAT="" TYPE="C"/>
<VARIABLE  NAME="USE" LABEL="Use" LENGTH="1" FORMAT="" TYPE="C"/>
<VARIABLE  NAME="MIN" LABEL="Minimum" LENGTH="8" FORMAT="" TYPE="N"/>
<VARIABLE  NAME="MEAN" LABEL="Mean" LENGTH="8" FORMAT="" TYPE="N"/>
<VARIABLE  NAME="MAX" LABEL="Maximum" LENGTH="8" FORMAT="" TYPE="N"/>
</METADATA>
</DECMETA>
</RENOVATION_LEVEL>
</EMTARGETATTRIBUTES>
</_ROOT_>
