<?xml version="1.0" encoding="UTF-8"?><StatGraph silkCompat="true" version="9.2_S2DVR">
<LayoutOverlay actionMode="brush" name="LayoutOverlay 6">
<BoxPlot colorScheme="Statistical" data="SAMPLE_DATA" name="Box">
<Role discrete="true" type="X" variable="bathroom"/>
<Role discrete="false" type="Y" variable="monthly_rent"/>
</BoxPlot>
<YAxis viewMax="4000.0" viewMin="70.0"/>
</LayoutOverlay>
</StatGraph>
<StatGraph silkCompat="true" version="9.2_S2DVR">
<PieChart actionMode="select" colorScheme="Statistical" data="SAMPLE_DATA" name="Pie 5" otherLabel="Other" pieLabelComponents="4" pieLabelPosition="OUTSIDE">
<Role discrete="false" sortOrder="Data" type="Category" variable="No_of_additional_facilities"/>
<Title textVisible="true">No_of_additional_facilities</Title>
<Legend type="Category" visible="true">
<Title textAlign="Left" verticalAlign="Bottom">No_of_additional_facilities</Title>
<Labels SASFormat="BEST12"/>
</Legend>
</PieChart>
</StatGraph>
<StatGraph silkCompat="true" version="9.2_S2DVR">
<PieChart actionMode="select" colorScheme="Statistical" data="SAMPLE_DATA" name="Pie 1" otherLabel="Other" pieLabelComponents="4" pieLabelPosition="OUTSIDE">
<Role discrete="false" sortOrder="Data" type="Category" variable="completion_year"/>
<Title textVisible="true">completion_year</Title>
<Legend type="Category" visible="true">
<Title textAlign="Left" verticalAlign="Bottom">completion_year</Title>
<Labels SASFormat="BEST12"/>
</Legend>
</PieChart>
</StatGraph>
<StatGraph silkCompat="true" version="9.2_S2DVR">
<PieChart actionMode="select" colorScheme="Statistical" data="SAMPLE_DATA" name="Pie 6" otherLabel="Other" pieLabelComponents="4" pieLabelPosition="OUTSIDE">
<Role discrete="false" sortOrder="Data" type="Category" variable="No_of_facilities"/>
<Title textVisible="true">No_of_facilities</Title>
<Legend type="Category" visible="true">
<Title textAlign="Left" verticalAlign="Bottom">No_of_facilities</Title>
<Labels SASFormat="BEST12"/>
</Legend>
</PieChart>
</StatGraph>
<StatGraph silkCompat="true" version="9.2_S2DVR">
<PieChart actionMode="select" colorScheme="Statistical" data="SAMPLE_DATA" name="Pie 11" otherLabel="Other" pieLabelComponents="4" pieLabelPosition="OUTSIDE">
<Role discrete="false" sortOrder="Data" type="Category" variable="size"/>
<Title textVisible="true">size</Title>
<Legend type="Category" visible="true">
<Title textAlign="Left" verticalAlign="Bottom">size</Title>
<Labels SASFormat="BEST12"/>
</Legend>
</PieChart>
</StatGraph>
<StatGraph silkCompat="true" version="9.2_S2DVR">
<PieChart actionMode="select" colorScheme="Statistical" data="SAMPLE_DATA" name="Pie 4" otherLabel="Other" pieLabelComponents="2" pieLabelPosition="OUTSIDE">
<Role discrete="false" sortOrder="Data" type="Category" variable="monthly_rent"/>
<Title textVisible="true">monthly_rent</Title>
<Legend type="Category" visible="true">
<Title textAlign="Left" verticalAlign="Bottom">monthly_rent</Title>
<Labels SASFormat="BEST12"/>
</Legend>
</PieChart>
</StatGraph>
<StatGraph silkCompat="true" version="9.2_S2DVR">
<PieChart actionMode="select" colorScheme="Statistical" data="SAMPLE_DATA" name="Pie 9" otherLabel="Other" pieLabelComponents="4" pieLabelPosition="OUTSIDE">
<Role discrete="false" sortOrder="Data" type="Category" variable="region"/>
<Title textVisible="true">region</Title>
<Legend type="Category" visible="true">
<Title textAlign="Left" verticalAlign="Bottom">region</Title>
<Labels SASFormat="$12"/>
</Legend>
</PieChart>
</StatGraph>
<StatGraph silkCompat="true" version="9.2_S2DVR">
<PieChart actionMode="select" colorScheme="Statistical" data="SAMPLE_DATA" name="Pie 8" otherLabel="Other" pieLabelComponents="4" pieLabelPosition="OUTSIDE">
<Role discrete="false" sortOrder="Data" type="Category" variable="property_type"/>
<Title textVisible="true">property_type</Title>
<Legend type="Category" visible="true">
<Title textAlign="Left" verticalAlign="Bottom">property_type</Title>
<Labels SASFormat="$17"/>
</Legend>
</PieChart>
</StatGraph>
<StatGraph silkCompat="true" version="9.2_S2DVR">
<PieChart actionMode="select" colorScheme="Statistical" data="SAMPLE_DATA" name="Pie 3" otherLabel="Other" pieLabelComponents="4" pieLabelPosition="OUTSIDE">
<Role discrete="false" sortOrder="Data" type="Category" variable="location"/>
<Title textVisible="true">location</Title>
<Legend type="Category" visible="true">
<Title textAlign="Left" verticalAlign="Bottom">location</Title>
<Labels SASFormat="$20"/>
</Legend>
</PieChart>
</StatGraph>
<StatGraph silkCompat="true" version="9.2_S2DVR">
<PieChart actionMode="select" colorScheme="Statistical" data="SAMPLE_DATA" name="Pie 2" otherLabel="Other" pieLabelComponents="4" pieLabelPosition="OUTSIDE">
<Role discrete="false" sortOrder="Data" type="Category" variable="furnished"/>
<Title textVisible="true">furnished</Title>
<Legend type="Category" visible="true">
<Title textAlign="Left" verticalAlign="Bottom">furnished</Title>
<Labels SASFormat="BEST12"/>
</Legend>
</PieChart>
</StatGraph>
<StatGraph silkCompat="true" version="9.2_S2DVR">
<PieChart actionMode="select" colorScheme="Statistical" data="SAMPLE_DATA" name="Pie" otherLabel="Other" otherPct="0.04" pieLabelComponents="4" pieLabelPosition="OUTSIDE">
<Role discrete="false" sortOrder="Data" type="Category" variable="bathroom"/>
<Title textVisible="true">bathroom</Title>
<Subtitle>Subtitle</Subtitle>
<Legend type="Category" visible="true">
<Title textAlign="Left" verticalAlign="Bottom">bathroom</Title>
<Labels SASFormat="BEST12"/>
</Legend>
</PieChart>
</StatGraph>
<StatGraph silkCompat="true" version="9.2_S2DVR">
<PieChart actionMode="select" colorScheme="Statistical" data="SAMPLE_DATA" name="Pie 7" otherLabel="Other" pieLabelComponents="4" pieLabelPosition="OUTSIDE">
<Role discrete="false" sortOrder="Data" type="Category" variable="parking"/>
<Title textVisible="true">parking</Title>
<Legend type="Category" visible="true">
<Title textAlign="Left" verticalAlign="Bottom">parking</Title>
<Labels SASFormat="BEST12"/>
</Legend>
</PieChart>
</StatGraph>
<StatGraph silkCompat="true" version="9.2_S2DVR">
<PieChart actionMode="select" colorScheme="Statistical" data="SAMPLE_DATA" name="Pie 10" otherLabel="Other" pieLabelComponents="4" pieLabelPosition="OUTSIDE">
<Role discrete="false" sortOrder="Data" type="Category" variable="rooms"/>
<Title textVisible="true">rooms</Title>
<Legend type="Category" visible="true">
<Title textAlign="Left" verticalAlign="Bottom">rooms</Title>
<Labels SASFormat="BEST12"/>
</Legend>
</PieChart>
</StatGraph>
