<?xml version="1.0" encoding="UTF-8" ?><_ROOT_  Location="CATALOG" Catalog="SASHELP.EMMODL.TREE.SOURCE" ToolType="MODEL" TrainMode="BATCH"
 ImportModel="N" Freeze="N" UseMultipleTarget="N" Precision="4" IntervalCriterion="PROBF"
 NominalCriterion="PROBCHISQ" OrdinalCriterion="ENTROPY" SigLevel="0.2" Splitsize="."
 LeafSize="8" MinCatSize="5" Maxbranch="2" Maxdepth="10" Nrules="5" Nsurrs="4" MissingValue="USEINSEARCH"
 UseVarOnce="N" SplitPrecision="4" Subtree="ASSESSMENT" NSubtree="1" AssessMeasure="PROFIT/LOSS"
 AssessPercentage="0.25" NodeSample="20000" Exhaustive="5000" Kass="Y" KassApply="BEFORE"
 Depth="Y" Inputs="N" NumInputs="1" VarSelection="Y" Leafid="Y" NodeRole="SEGMENT"
 Performance="DISK" CV="N" CVNIter="10" CVRepeat="1" CVSeed="12345" ObsImportance="N"
 NumSingleImp="5" UseDecision="N" UsePriors="N" ClassColorBy="PERCENTCORRECT" IntColorBy="AVG"
 ShowNodeId="Y" ShowValid="Y" Pred="N" Target="ALL" Count="Y" ProfitLoss="NONE" PercentCorrect="N"
 AVG="Y" RASE="N" CreateSample="DEFAULT" SampleMethod="RANDOM" SampleSize="10000"
 SampleSeed="12345" ForceRun="N" RunAction="Train" Component="DecisionTree" Criterion="DEFAULT"
 Dummy="N" Predict="Y" ImportedTreeData="" RawCreateTime="2002903339.3" CreateTime="20JUN2023:18:02:19"
 RunId="da360a31-767a-4b26-99d1-468fd3de405e">
<VARIABLEPROPERTIES/>
<FILEPROPERTIES ><![CDATA[
USERTRAINCODE
USERSCORECODE
USERREPORTCODE
EMNOTES
]]>
</FILEPROPERTIES><EMTARGETATTRIBUTES >
<PRICE_LEVEL >
<DECDATA  Table="EMWS2.Tree3_price_level_DD">
<DATA >
<OBS  PRICE_LEVEL="CHEAP" COUNT="4178" DATAPRIOR="0.5891144952" TRAINPRIOR="0.5891144952"
 DECPRIOR="." DECISION1="1" DECISION2="0"/>
<OBS  PRICE_LEVEL="EXPENSIVE" COUNT="2914" DATAPRIOR="0.4108855048" TRAINPRIOR="0.4108855048"
 DECPRIOR="." DECISION1="0" DECISION2="1"/>
</DATA>
<METADATA >
<VARIABLE  NAME="price_level" LABEL="" LENGTH="32" FORMAT="" TYPE="C"/>
<VARIABLE  NAME="COUNT" LABEL="Level Counts" LENGTH="8" FORMAT="10." TYPE="N"/>
<VARIABLE  NAME="DATAPRIOR" LABEL="Data Proportions" LENGTH="8" FORMAT="" TYPE="N"/>
<VARIABLE  NAME="TRAINPRIOR" LABEL="Training Proportions" LENGTH="8" FORMAT="" TYPE="N"/>
<VARIABLE  NAME="DECPRIOR" LABEL="Decision Priors" LENGTH="8" FORMAT="" TYPE="N"/>
<VARIABLE  NAME="DECISION1" LABEL="CHEAP" LENGTH="8" FORMAT="" TYPE="N"/>
<VARIABLE  NAME="DECISION2" LABEL="EXPENSIVE" LENGTH="8" FORMAT="" TYPE="N"/>
</METADATA>
</DECDATA>
<DECMETA  Table="EMWS2.Tree3_price_level_DM">
<DATA >
<OBS  _TYPE_="MATRIX" VARIABLE="" LABEL="" LEVEL="PROFIT" EVENT="" ORDER="" FORMAT="" TYPE=""
 COST="" USE="N"/>
<OBS  _TYPE_="TARGET" VARIABLE="price_level" LABEL="" LEVEL="BINARY" EVENT="CHEAP" ORDER=""
 FORMAT="$9." TYPE="C" COST="" USE=""/>
<OBS  _TYPE_="DECISION" VARIABLE="DECISION1" LABEL="CHEAP" LEVEL="" EVENT="" ORDER="" FORMAT=""
 TYPE="N" COST="" USE="Y"/>
<OBS  _TYPE_="DECISION" VARIABLE="DECISION2" LABEL="EXPENSIVE" LEVEL="" EVENT="" ORDER=""
 FORMAT="" TYPE="N" COST="" USE="Y"/>
<OBS  _TYPE_="DATAPRIOR" VARIABLE="DATAPRIOR" LABEL="Data Prior" LEVEL="" EVENT="" ORDER=""
 FORMAT="" TYPE="N" COST="" USE="N"/>
<OBS  _TYPE_="TRAINPRIOR" VARIABLE="TRAINPRIOR" LABEL="Training Prior" LEVEL="" EVENT=""
 ORDER="" FORMAT="" TYPE="N" COST="" USE="N"/>
<OBS  _TYPE_="DECPRIOR" VARIABLE="DECPRIOR" LABEL="Decision Prior" LEVEL="" EVENT="" ORDER=""
 FORMAT="" TYPE="N" COST="" USE="N"/>
<OBS  _TYPE_="PREDICTED" VARIABLE="P_price_levelcheap" LABEL="Predicted: price_level=cheap"
 LEVEL="CHEAP" EVENT="" ORDER="" FORMAT="" TYPE="N" COST="" USE=""/>
<OBS  _TYPE_="RESIDUAL" VARIABLE="R_price_levelcheap" LABEL="Residual: price_level=cheap"
 LEVEL="CHEAP" EVENT="" ORDER="" FORMAT="" TYPE="N" COST="" USE=""/>
<OBS  _TYPE_="PREDICTED" VARIABLE="P_price_levelExpensive" LABEL="Predicted: price_level=Expensive"
 LEVEL="EXPENSIVE" EVENT="" ORDER="" FORMAT="" TYPE="N" COST="" USE=""/>
<OBS  _TYPE_="RESIDUAL" VARIABLE="R_price_levelExpensive" LABEL="Residual: price_level=Expensive"
 LEVEL="EXPENSIVE" EVENT="" ORDER="" FORMAT="" TYPE="N" COST="" USE=""/>
<OBS  _TYPE_="FROM" VARIABLE="F_price_level" LABEL="From: price_level" LEVEL="" EVENT=""
 ORDER="" FORMAT="" TYPE="C" COST="" USE=""/>
<OBS  _TYPE_="INTO" VARIABLE="I_price_level" LABEL="Into: price_level" LEVEL="" EVENT=""
 ORDER="" FORMAT="" TYPE="C" COST="" USE=""/>
</DATA>
<METADATA >
<VARIABLE  NAME="_TYPE_" LABEL="Type" LENGTH="32" FORMAT="" TYPE="C"/>
<VARIABLE  NAME="VARIABLE" LABEL="Variable" LENGTH="32" FORMAT="" TYPE="C"/>
<VARIABLE  NAME="LABEL" LABEL="Label" LENGTH="256" FORMAT="" TYPE="C"/>
<VARIABLE  NAME="LEVEL" LABEL="Measurement Level" LENGTH="32" FORMAT="" TYPE="C"/>
<VARIABLE  NAME="EVENT" LABEL="Target Event" LENGTH="32" FORMAT="" TYPE="C"/>
<VARIABLE  NAME="ORDER" LABEL="Order" LENGTH="10" FORMAT="" TYPE="C"/>
<VARIABLE  NAME="FORMAT" LABEL="Format" LENGTH="32" FORMAT="" TYPE="C"/>
<VARIABLE  NAME="TYPE" LABEL="Type" LENGTH="1" FORMAT="" TYPE="C"/>
<VARIABLE  NAME="COST" LABEL="Cost" LENGTH="32" FORMAT="" TYPE="C"/>
<VARIABLE  NAME="USE" LABEL="Use" LENGTH="1" FORMAT="" TYPE="C"/>
</METADATA>
</DECMETA>
</PRICE_LEVEL>
</EMTARGETATTRIBUTES>
</_ROOT_>
